transaction_id,account_id,transaction_date,amount,transaction_type,currency,status
1000630,10074.0,2026-07-04 22:25:15,20531.94,withdrawal,EUR,pending
1000789,,2026-07-15 15:49:21,42827.66,withdrawal,EGP,failed
1000685,10034.0,2026-07-12 02:40:21,5936.3,transfer,EGP,
1000517,10177.0,2026-07-15 23:04:35,5580.68,withdrawal,EUR,completed
1000530,10185.0,2026-07-29 11:36:16,13707.81,transfer,EGP,pending
1000658,10127.0,2026-07-28 02:10:22,42341.22,transfer,EGP,completed
1000553,10166.0,2026-07-17 12:44:19,15183.08,deposit,EGP,completed
1000532,10034.0,2026-07-01 06:53:21,6407.45,deposit,EGP,completed
1000322,10022.0,2026-07-09 12:28:11,23314.58,withdrawal,EGP,completed
1000071,10160.0,2026-07-21 22:10:13,43761.63,deposit,EGP,completed
1000838,10040.0,2026-07-10 10:31:23,21625.69,deposit,USD,completed
1000454,10005.0,2026-07-08 15:04:24,47444.71,transfer,EUR,completed
1000997,10106.0,2026-07-18 03:09:45,14291.86,transfer,EGP,completed
1000669,10184.0,2026-07-17 12:17:42,2574.27,transfer,EGP,
1000248,10084.0,2026-07-15 09:56:24,10309.25,deposit,EGP,pending
1000614,10078.0,2026-07-22 11:39:46,18946.98,transfer,EGP,completed
1000845,10002.0,2026-07-24 00:45:49,8409.88,payment,EGP,completed
1000705,10026.0,2026-07-29 12:24:44,23722.94,transfer,EUR,completed
1000299,10057.0,2026-07-17 10:46:27,-3273.33,deposit,EGP,completed
1000102,10040.0,2026-07-15 13:10:45,16839.69,payment,EGP,completed
1000903,10044.0,2026-07-23 07:38:11,42447.17,transfer,EGP,completed
1000920,10128.0,2026-07-17 10:07:50,47659.76,transfer,USD,completed
1000214,10090.0,2026-07-27 20:54:00,19299.21,transfer,EGP,completed
1000238,10087.0,2026-07-04 20:09:32,21165.57,deposit,EGP,completed
1000596,10161.0,2026-07-06 03:07:22,34082.41,deposit,EGP,completed
1000282,10098.0,2026-07-23 22:08:13,20463.04,payment,EGP,completed
1000871,10092.0,2026-07-02 08:06:46,15194.94,deposit,USD,completed
1000287,10033.0,2026-07-29 03:24:58,19605.02,transfer,EGP,failed
1000923,10090.0,2026-07-26 14:08:27,23887.78,transfer,EGP,completed
1000888,10039.0,2026-07-13 19:41:40,9476.17,transfer,EUR,completed
1000465,10002.0,2026-07-27 09:52:39,32676.93,withdrawal,EGP,completed
1000797,10194.0,2026-07-31 05:52:47,28463.25,transfer,USD,completed
1000097,10048.0,2026-07-26 21:34:46,10981.89,transfer,EGP,pending
1000245,10126.0,2026-07-28 03:00:13,17900.61,withdrawal,EGP,completed
1000890,10055.0,2026-07-14 22:41:43,22341.8,withdrawal,EGP,completed
1000077,10067.0,2026-07-23 01:21:35,27250.19,payment,EGP,completed
1000902,10009.0,2026-07-17 10:57:09,1135.09,transfer,USD,completed
1000210,10156.0,2026-07-30 20:37:44,20961.87,transfer,EGP,completed
1000260,10118.0,2026-07-25 20:43:56,49834.03,deposit,EGP,completed
1000159,10102.0,2026-07-12 21:51:29,21844.02,deposit,EGP,pending
1000740,10180.0,2026-07-07 08:04:17,38974.53,transfer,EGP,completed
1000433,10166.0,2026-07-06 07:22:13,1807.04,payment,EGP,completed
1000332,10075.0,2026-07-23 05:55:24,24854.69,withdrawal,EGP,completed
1000957,10081.0,2026-07-17 09:18:06,27538.66,deposit,EUR,completed
1000315,10049.0,2026-07-28 23:29:05,1975.17,payment,EGP,completed
1000295,10110.0,2026-07-30 12:04:41,17319.25,payment,USD,completed
1000383,10190.0,2026-07-11 17:57:01,26753.31,withdrawal,EGP,completed
1000389,10179.0,2026-07-28 14:48:35,45154.31,withdrawal,EGP,pending
1000576,10075.0,2026-07-10 20:53:20,11297.62,payment,EUR,completed
1000880,10127.0,2026-07-04 02:41:39,28060.83,payment,EUR,completed
1000443,10027.0,2026-07-29 23:22:56,7722.41,transfer,USD,completed
1000722,10187.0,2026-07-23 23:50:13,11046.89,payment,USD,completed
1000060,10137.0,2026-07-10 15:21:19,35084.49,transfer,EGP,completed
1000679,10105.0,2026-07-29 15:37:28,43840.07,transfer,EGP,completed
1000371,10068.0,2026-07-28 07:15:18,4885.67,transfer,EGP,completed
1000483,10051.0,2026-07-09 23:45:17,29668.18,payment,EGP,completed
1000382,10188.0,2026-07-09 19:41:54,1843.15,deposit,EGP,pending
1000055,10100.0,2026-07-03 08:59:53,14211.86,deposit,EGP,completed
1000024,10186.0,2026-07-27 02:26:34,26594.12,withdrawal,EGP,completed
1000031,10091.0,2026-07-16 02:44:40,28112.86,transfer,EGP,completed
1000881,10018.0,2026-07-12 22:21:48,25299.87,withdrawal,EGP,completed
1000431,10017.0,2026-07-15 13:53:06,46537.69,payment,EGP,completed
1000011,10106.0,,33014.57,withdrawal,EGP,failed
1000657,10154.0,2026-07-27 06:27:33,11273.24,deposit,EGP,pending
1000814,10057.0,2026-07-16 08:39:24,11891.25,transfer,EGP,completed
1000484,10160.0,2026-07-04 11:22:49,11436.99,deposit,EGP,completed
1000544,10035.0,2026-07-18 15:29:37,8858.96,transfer,EGP,pending
1000200,10193.0,2026-07-20 05:32:46,36749.52,deposit,USD,completed
1000502,10131.0,2026-07-09 01:41:57,48031.32,transfer,EGP,completed
1000941,10139.0,2026-07-06 02:18:35,11218.34,transfer,EGP,completed
1000108,10133.0,2026-07-29 02:53:06,19533.63,payment,EGP,completed
1000219,10090.0,2026-07-26 02:03:32,33848.79,transfer,EGP,pending
1000926,10190.0,2026-07-05 02:01:32,2345.86,deposit,EGP,completed
1000175,10140.0,2026-07-01 06:21:31,25233.72,withdrawal,EGP,completed
1000724,10024.0,2026-07-23 15:57:54,28197.99,deposit,EGP,completed
1000882,10171.0,2026-07-09 04:49:03,31851.68,payment,USD,completed
1000934,10130.0,2026-07-30 13:11:05,40535.46,payment,EGP,completed
1000395,10144.0,2026-07-07 16:25:36,41743.65,transfer,EUR,pending
1000040,10127.0,2026-07-26 15:25:01,6334.06,withdrawal,EGP,completed
1000834,10029.0,2026-07-03 05:26:08,9085.18,deposit,,completed
1000774,10144.0,2026-07-13 05:12:56,44114.64,payment,EGP,pending
1000352,10009.0,2026-07-13 03:55:21,41893.96,transfer,EGP,completed
1000067,10182.0,2026-07-29 16:40:59,20013.82,payment,EGP,pending
1000278,10157.0,,5209.01,payment,EGP,completed
1000068,10075.0,2026-07-20 20:49:16,34287.11,withdrawal,EGP,completed
1000911,10155.0,2026-07-03 07:17:26,600.28,payment,EGP,completed
1000440,10080.0,2026-07-30 14:46:47,48860.78,withdrawal,EGP,completed
1000737,10147.0,2026-07-16 14:08:35,44290.97,deposit,EUR,completed
1000297,10170.0,2026-07-09 03:39:18,4777.26,withdrawal,EGP,completed
1000621,10087.0,2026-07-09 05:09:04,10439.5,transfer,EGP,failed
1000491,10187.0,2026-07-09 12:28:46,3063.52,deposit,USD,
1000820,10200.0,2026-07-10 03:18:42,31004.98,payment,EGP,completed
1000559,10159.0,2026-07-31 20:24:59,32167.77,payment,EGP,completed
1000425,10084.0,2026-07-08 22:12:46,18111.87,withdrawal,EGP,completed
1000925,10050.0,2026-07-12 04:51:47,11259.57,withdrawal,,completed
1000313,10024.0,2026-07-25 04:01:48,28969.93,withdrawal,EGP,completed
1000185,10100.0,2026-07-14 00:40:46,8808.56,deposit,EGP,completed
1000333,10062.0,2026-07-14 04:07:01,26847.57,payment,EGP,completed
1000089,10154.0,2026-07-21 04:18:18,24056.35,payment,EGP,completed
1000064,10194.0,2026-07-22 20:49:20,31292.63,transfer,EGP,completed
1000835,10171.0,2026-07-13 17:07:57,10884.96,payment,EGP,completed
1000577,10186.0,2026-07-17 23:50:26,39660.6,deposit,EGP,completed
1000216,10055.0,2026-07-04 12:53:36,26119.83,payment,EGP,completed
1000616,10128.0,2026-07-06 08:40:13,10693.09,withdrawal,EGP,completed
1000514,10164.0,2026-07-11 06:04:02,37376.13,payment,EGP,completed
1000291,10162.0,2026-07-08 05:50:16,23117.8,deposit,USD,completed
1000378,10150.0,2026-07-24 07:27:38,43576.88,withdrawal,EGP,failed
1000892,10142.0,2026-07-08 14:28:21,37979.09,transfer,EGP,completed
1000970,10008.0,2026-07-05 17:44:26,25516.03,payment,EUR,completed
1000947,10195.0,2026-07-05 20:51:44,10107.35,withdrawal,EGP,completed
1000787,10007.0,2026-07-07 03:27:31,16543.55,transfer,EGP,pending
1000426,10040.0,2026-07-26 06:05:27,19605.77,payment,EGP,completed
1000697,10145.0,2026-07-15 12:47:08,9467.09,deposit,EGP,completed
1000996,10126.0,2026-07-01 01:43:03,37700.85,deposit,USD,completed
1000310,10022.0,2026-07-27 10:28:08,47278.72,transfer,EGP,completed
1000087,10020.0,2026-07-25 20:24:47,-157.86,withdrawal,,completed
1000732,10084.0,2026-07-29 00:33:22,2591.49,transfer,EGP,completed
1000756,10088.0,2026-07-10 21:26:04,28951.53,transfer,USD,completed
1000311,10134.0,2026-07-17 05:59:58,19654.61,transfer,EGP,completed
1000539,10109.0,2026-07-22 21:27:34,40762.9,payment,EGP,completed
1000137,10121.0,2026-07-23 11:21:44,23087.38,payment,EGP,completed
1000959,10195.0,2026-07-21 11:22:21,42496.97,payment,EGP,completed
1001000,10103.0,2026-07-09 16:59:12,26027.59,withdrawal,USD,completed
1000729,10098.0,2026-07-14 18:37:17,1593.1,deposit,EGP,completed
1000262,10035.0,2026-07-29 15:58:40,20093.18,deposit,EUR,completed
1000548,10119.0,2026-07-27 07:58:47,37601.45,payment,EGP,completed
1000169,10067.0,2026-07-31 22:39:55,40969.03,transfer,EGP,completed
1000791,10020.0,2026-07-19 02:39:08,38262.97,deposit,EGP,completed
1000449,10105.0,2026-07-23 22:00:07,31318.18,transfer,EUR,pending
1000140,10088.0,2026-07-17 17:24:30,33629.61,transfer,EGP,completed
1000686,10161.0,2026-07-17 03:03:04,11955.01,transfer,EGP,completed
1000667,10101.0,2026-07-24 07:14:14,42426.62,withdrawal,EGP,completed
1000858,10012.0,2026-07-19 02:39:55,14380.28,transfer,EGP,completed
1000519,10096.0,2026-07-16 08:06:25,7763.43,transfer,EGP,completed
1000930,,2026-07-30 12:28:25,21986.97,deposit,USD,completed
1000534,10057.0,2026-07-06 20:06:41,35266.16,payment,EGP,completed
1000056,10009.0,2026-07-31 20:37:32,33753.09,withdrawal,EGP,completed
1000121,10088.0,2026-07-01 10:20:49,33189.49,transfer,USD,completed
1000531,10120.0,2026-07-03 18:49:36,15451.24,deposit,USD,completed
1000026,10129.0,,15158.89,deposit,EGP,completed
1000073,10093.0,2026-07-24 10:51:20,22224.95,payment,USD,completed
1000045,10014.0,2026-07-22 23:37:36,1037.33,withdrawal,EGP,completed
1000250,10009.0,2026-07-31 07:34:12,46486.85,withdrawal,EGP,completed
1000405,10100.0,2026-07-06 11:58:35,9508.71,withdrawal,EGP,completed
1000848,10011.0,2026-07-17 19:31:08,32095.99,deposit,EGP,pending
1000704,10035.0,2026-07-07 04:27:33,31929.27,payment,EGP,completed
1000919,10051.0,2026-07-14 23:57:43,29991.37,payment,EGP,completed
1000199,10068.0,2026-07-25 21:15:19,14489.72,payment,EGP,completed
1000543,10039.0,2026-07-03 18:06:42,18072.49,payment,USD,completed
1000356,10199.0,2026-07-16 09:42:21,1247.32,payment,EUR,completed
1000324,10184.0,2026-07-28 11:35:55,39343.15,withdrawal,EUR,completed
1000650,10170.0,2026-07-26 22:09:59,40145.89,withdrawal,EGP,completed
1000917,10109.0,2026-07-09 17:58:20,33016.31,deposit,EGP,completed
1000236,10144.0,2026-07-11 17:47:26,5002.89,deposit,EGP,failed
1000581,10019.0,2026-07-10 04:33:12,44500.46,deposit,EGP,completed
1000950,10056.0,2026-07-10 23:13:13,46251.88,withdrawal,USD,completed
1000944,10095.0,2026-07-01 22:21:38,8874.52,payment,EGP,pending
1000908,10035.0,2026-07-05 23:58:22,3636.27,payment,EGP,completed
1000300,10005.0,2026-07-01 22:01:40,19485.38,deposit,USD,completed
1000061,10185.0,2026-07-24 21:19:34,47648.48,deposit,EGP,completed
1000328,10008.0,2026-07-03 15:05:59,28275.64,withdrawal,EGP,completed
1000932,10140.0,2026-07-15 22:37:51,30539.69,transfer,EGP,pending
1000602,10156.0,2026-07-23 21:30:13,7045.77,payment,EGP,completed
1000448,10192.0,2026-07-30 18:04:20,26884.08,deposit,USD,completed
1000830,10006.0,2026-07-31 10:52:50,24700.65,withdrawal,EGP,pending
1000651,10098.0,2026-07-06 21:11:08,13338.24,withdrawal,EGP,completed
1000599,10126.0,2026-07-27 04:51:27,40608.81,payment,EGP,completed
1000545,10167.0,2026-07-08 03:39:05,23400.85,withdrawal,EGP,completed
1000785,10096.0,2026-07-23 13:04:50,12355.29,payment,EGP,pending
1000306,10029.0,2026-07-21 19:40:47,46378.87,payment,,completed
1000319,10188.0,2026-07-14 22:02:06,37185.83,payment,EGP,completed
1000761,10036.0,2026-07-12 22:11:55,16641.54,payment,EGP,failed
1000495,10058.0,2026-07-13 17:08:24,21437.08,withdrawal,EGP,completed
1000266,10117.0,2026-07-02 03:30:22,40319.24,payment,EUR,completed
1000111,10056.0,2026-07-20 14:16:34,7740.48,deposit,USD,completed
1000694,10190.0,2026-07-13 05:53:07,36839.33,payment,EGP,completed
1000945,10026.0,2026-07-12 18:49:09,41229.56,deposit,USD,completed
1000528,10029.0,2026-07-05 06:49:29,23946.33,deposit,USD,completed
1000257,10136.0,2026-07-07 21:06:52,37725.86,withdrawal,USD,completed
1000261,10159.0,2026-07-09 05:58:35,2256.55,deposit,EGP,failed
1000635,10037.0,2026-07-13 20:47:40,49150.21,deposit,,completed
1000824,10131.0,2026-07-28 04:16:22,30119.75,payment,USD,completed
1000430,10144.0,2026-07-25 09:58:00,-1836.87,payment,EGP,pending
1000631,10148.0,2026-07-18 18:04:57,23996.88,deposit,EGP,completed
1000381,10002.0,2026-07-31 09:29:58,21582.26,payment,EGP,completed
1000434,10027.0,2026-07-18 10:15:18,7918.29,deposit,USD,completed
1000735,10042.0,2026-07-27 16:43:56,43337.11,payment,EGP,completed
1000138,10007.0,2026-07-12 08:45:23,21267.61,withdrawal,EGP,completed
1000358,10179.0,2026-07-05 03:58:08,23210.6,withdrawal,EGP,completed
1000529,10184.0,2026-07-01 15:17:53,7413.93,withdrawal,EGP,completed
1000222,10092.0,2026-07-18 03:30:33,10653.24,transfer,USD,completed
1000757,10148.0,2026-07-11 18:58:45,7094.31,transfer,EGP,completed
1000597,10116.0,2026-07-21 10:24:45,9636.46,payment,EGP,completed
1000560,10171.0,2026-07-27 12:29:08,43365.26,transfer,EGP,completed
1000364,10179.0,2026-07-07 06:16:20,2052.75,payment,EGP,completed
1000526,10063.0,2026-07-02 11:14:46,8800.27,withdrawal,EGP,pending
1000209,10053.0,2026-07-09 19:50:23,13046.22,deposit,EGP,completed
1000412,10046.0,2026-07-18 09:44:53,48796.08,transfer,EGP,completed
1000335,10093.0,2026-07-17 12:59:02,48180.82,payment,EGP,completed
1000211,10053.0,2026-07-20 07:47:07,37907.62,deposit,EUR,pending
1000351,10107.0,2026-07-02 20:51:22,39747.79,transfer,EGP,completed
1000079,10113.0,2026-07-13 22:48:31,31628.51,deposit,EGP,completed
1000030,10089.0,2026-07-11 08:35:33,20186.85,withdrawal,EGP,completed
1000281,10056.0,2026-07-23 22:27:34,17965.71,withdrawal,EGP,completed
1000586,10185.0,2026-07-10 20:19:15,46943.33,transfer,EGP,pending
1000753,10018.0,2026-07-20 11:47:01,44408.53,payment,EGP,completed
1000781,10176.0,2026-07-02 10:47:32,8527.22,payment,EGP,completed
1000290,10095.0,2026-07-20 06:41:30,28418.31,withdrawal,EGP,completed
1000166,10163.0,2026-07-04 06:06:17,43047.01,transfer,USD,completed
1000606,10108.0,2026-07-28 14:10:28,13846.56,withdrawal,EGP,completed
1000875,10140.0,2026-07-13 15:54:26,45310.04,deposit,EGP,completed
1000721,10028.0,2026-07-03 18:02:47,1271.32,transfer,EGP,completed
1000066,10066.0,2026-07-13 00:33:15,48807.61,withdrawal,EGP,completed
1000142,10043.0,2026-07-11 11:48:41,39383.82,payment,USD,completed
1000276,10097.0,2026-07-23 02:39:50,16088.23,payment,EGP,completed
1000836,10156.0,2026-07-05 06:31:06,4804.62,transfer,EGP,
1000656,10107.0,2026-07-08 04:04:21,20132.29,deposit,EGP,completed
1000466,10194.0,2026-07-04 11:01:50,33659.03,deposit,EGP,completed
1000671,10191.0,2026-07-24 15:45:09,15324.72,deposit,EUR,failed
1000320,10154.0,2026-07-13 07:19:24,42614.66,deposit,EUR,completed
1000399,10057.0,2026-07-01 18:36:27,28394.03,deposit,EGP,completed
1000307,10061.0,2026-07-08 21:27:35,29889.86,transfer,EGP,completed
1000308,10111.0,2026-07-08 08:49:04,33463.94,payment,EGP,completed
1000829,10173.0,2026-07-20 00:47:18,46088.16,payment,EGP,completed
1000334,10166.0,2026-07-26 00:43:44,48272.53,payment,USD,completed
1000050,10156.0,2026-07-04 17:02:10,12371.68,withdrawal,EGP,pending
1000826,10019.0,2026-07-28 22:49:17,3638.92,withdrawal,USD,completed
1000003,10131.0,2026-07-18 07:23:16,6495.05,deposit,EUR,completed
1000549,10104.0,2026-07-16 07:31:29,-252.85,transfer,EUR,completed
1000353,10060.0,2026-07-16 08:52:34,14255.64,transfer,USD,completed
1000913,10076.0,2026-07-01 02:17:23,45200.01,deposit,EGP,completed
1000952,10061.0,2026-07-19 20:26:53,651.99,deposit,EGP,failed
1000347,10199.0,2026-07-27 12:37:16,21277.72,deposit,EGP,completed
1000243,10019.0,2026-07-30 20:39:41,18069.9,payment,EGP,pending
1000825,10125.0,2026-07-24 22:52:10,36888.88,withdrawal,EGP,completed
1000582,10167.0,2026-07-07 16:58:07,15751.68,payment,EGP,completed
1000034,10111.0,2026-07-10 17:32:12,45358.96,withdrawal,EGP,completed
1000032,10046.0,2026-07-06 08:42:28,36003.14,transfer,EGP,completed
1000232,10172.0,2026-07-23 17:54:45,29309.28,payment,EGP,pending
1000755,10112.0,2026-07-20 10:14:02,17510.7,deposit,EGP,completed
1000193,10122.0,2026-07-06 06:41:22,43760.46,transfer,USD,completed
1000515,10192.0,2026-07-08 15:40:10,44739.66,payment,EGP,completed
1000004,10088.0,2026-07-28 11:29:01,7658.72,withdrawal,USD,completed
1000205,10092.0,2026-07-21 04:15:25,1377.56,withdrawal,EGP,completed
1000540,10005.0,2026-07-20 05:23:27,22439.62,payment,EGP,completed
1000663,10008.0,2026-07-06 17:49:26,39156.12,deposit,EGP,pending
1000989,10050.0,2026-07-07 12:42:57,49366.27,payment,EGP,completed
1000110,10142.0,2026-07-02 09:13:08,9669.91,withdrawal,EGP,completed
1000603,10148.0,2026-07-26 14:30:25,33901.55,withdrawal,EUR,completed
1000078,10046.0,2026-07-06 03:26:04,24516.72,transfer,USD,completed
1000085,10126.0,2026-07-07 05:09:27,48911.31,transfer,EGP,pending
1000527,10185.0,2026-07-10 21:20:52,17916.25,UNKNOWN,EGP,completed
1000083,10033.0,2026-07-30 16:45:39,46197.53,payment,EGP,completed
1000255,10133.0,2026-07-21 03:28:43,6142.35,withdrawal,USD,completed
1000765,10073.0,2026-07-18 20:23:02,-459.37,withdrawal,EGP,completed
1000429,10006.0,2026-07-09 06:39:14,39004.5,payment,EGP,completed
1000916,10092.0,2026-07-17 01:08:24,10179.38,deposit,EGP,completed
1000524,10165.0,2026-07-05 15:56:16,38039.27,payment,EGP,pending
1000468,10120.0,2026-07-12 22:04:16,11470.85,payment,EGP,completed
1000645,10155.0,2026-07-05 02:13:45,-1592.43,deposit,USD,completed
1000006,10172.0,2026-07-29 13:15:59,19676.72,payment,EGP,completed
1000406,10101.0,2026-07-05 19:38:54,14338.06,payment,EGP,completed
1000469,10037.0,2026-07-25 02:28:21,36109.24,payment,EGP,completed
1000098,10137.0,2026-07-24 09:57:56,40812.0,deposit,EGP,pending
1000927,10109.0,2026-07-12 03:37:48,17643.01,withdrawal,EGP,completed
1000360,10150.0,2026-07-12 07:50:29,8211.42,payment,EGP,completed
1000877,10108.0,2026-07-08 05:17:03,13493.07,withdrawal,EGP,completed
1000267,10090.0,2026-07-02 16:57:35,8558.54,withdrawal,EGP,completed
1000423,10154.0,2026-07-19 06:13:54,22847.37,payment,EGP,completed
1000463,10150.0,2026-07-02 11:21:00,9181.3,transfer,EGP,completed
1000696,10051.0,2026-07-22 03:50:26,26178.37,payment,EGP,completed
1000974,10095.0,2026-07-11 13:59:31,18480.98,payment,EGP,completed
1000494,10121.0,2026-07-11 07:49:19,39098.76,withdrawal,EGP,completed
1000119,10050.0,2026-07-23 10:05:34,13568.08,deposit,USD,completed
1000972,10084.0,2026-07-29 12:58:31,48474.46,withdrawal,EGP,completed
1000251,10036.0,2026-07-08 11:58:55,5036.56,withdrawal,EGP,completed
1000343,10125.0,2026-07-04 16:47:28,24114.09,withdrawal,EGP,completed
1000010,10019.0,2026-07-17 03:05:04,23081.92,deposit,EGP,completed
1000197,10069.0,2026-07-23 02:49:49,11078.86,transfer,USD,completed
1000742,10153.0,2026-07-24 01:14:19,11575.78,withdrawal,EGP,completed
1000082,10088.0,2026-07-31 15:54:53,45637.96,withdrawal,USD,completed
1000949,10190.0,2026-07-01 01:14:10,942.15,withdrawal,EGP,completed
1000480,10022.0,2026-07-13 21:57:27,23923.43,transfer,USD,completed
1000626,10047.0,2026-07-31 18:51:17,37366.44,withdrawal,EGP,completed
1000240,10126.0,2026-07-02 06:27:52,6777.87,deposit,EGP,completed
1000293,10191.0,2026-07-14 18:09:00,27742.23,withdrawal,EGP,completed
1000212,10144.0,2026-07-25 05:48:42,41339.24,transfer,EGP,completed
1000901,10001.0,2026-07-17 13:56:31,29107.28,withdrawal,EGP,completed
1000362,10179.0,2026-07-03 01:58:19,18867.86,payment,EGP,completed
1000533,10032.0,2026-07-29 22:04:17,27534.47,transfer,EGP,completed
1000228,10116.0,2026-07-31 12:31:33,-2758.29,transfer,EGP,completed
1000865,10170.0,2026-07-26 21:23:36,31969.41,payment,EGP,completed
1000363,10045.0,2026-07-11 21:02:45,30954.8,withdrawal,EGP,completed
1000853,10193.0,2026-07-15 02:01:26,25035.47,deposit,EGP,completed
1000955,10158.0,2026-07-31 02:23:01,45299.82,withdrawal,EUR,completed
1000965,10190.0,2026-07-26 07:46:50,37001.51,payment,USD,completed
1000366,10104.0,2026-07-01 13:08:44,26136.43,payment,EGP,completed
1000771,10131.0,2026-07-11 11:29:59,29033.0,withdrawal,EUR,failed
1000860,10161.0,2026-07-23 18:56:10,13180.42,payment,EGP,completed
1000372,10133.0,2026-07-11 15:24:34,47368.62,deposit,EGP,completed
1000008,,2026-07-16 14:42:10,15991.87,transfer,EUR,completed
1000156,10133.0,2026-07-19 04:49:12,3422.55,deposit,EUR,completed
1000546,10011.0,2026-07-19 07:06:19,19633.4,payment,EUR,completed
1000808,10023.0,2026-07-15 22:13:46,22369.6,payment,EGP,completed
1000486,10047.0,2026-07-27 17:53:48,2589.13,withdrawal,EGP,completed
1000585,10081.0,2026-07-20 16:58:09,30334.65,transfer,USD,completed
1000786,10118.0,2026-07-08 13:14:09,42111.4,withdrawal,EGP,completed
1000571,10190.0,2026-07-03 11:06:27,20397.75,transfer,EGP,completed
1000478,10004.0,2026-07-13 05:13:46,49741.0,withdrawal,EGP,completed
1000583,10022.0,2026-07-16 23:27:25,20113.0,deposit,EGP,completed
1000943,10183.0,2026-07-28 02:29:37,20725.82,payment,EGP,pending
1000698,10119.0,2026-07-05 15:08:03,39771.85,deposit,EGP,pending
1000833,10091.0,2026-07-19 05:55:21,22556.29,withdrawal,EGP,completed
1000535,10116.0,2026-07-26 07:31:08,3543.08,deposit,EUR,completed
1000588,10020.0,2026-07-03 10:06:45,27872.24,withdrawal,EGP,completed
1000715,10185.0,2026-07-20 23:27:33,15100.95,deposit,EGP,completed
1000452,10185.0,2026-07-02 06:33:46,30908.56,withdrawal,USD,failed
1000457,10030.0,2026-07-31 12:32:35,11335.15,transfer,EGP,failed
1000229,10110.0,2026-07-05 18:35:08,46780.32,withdrawal,EGP,completed
1000319,10188.0,2026-07-14 22:02:06,37185.83,payment,EGP,completed
1000750,10032.0,2026-07-23 07:10:06,22504.14,withdrawal,EGP,completed
1000213,10158.0,2026-07-15 06:47:19,28083.09,withdrawal,EGP,failed
1000080,10134.0,2026-07-26 22:12:37,16738.86,payment,EUR,
1000149,10165.0,2026-07-22 08:43:58,24588.31,payment,EGP,completed
1000303,10002.0,2026-07-22 16:39:50,37789.2,deposit,EGP,completed
1000666,10139.0,2026-07-13 06:44:52,42557.31,payment,EGP,completed
1000329,10029.0,2026-07-21 22:12:35,13553.57,deposit,USD,pending
1000670,10027.0,2026-07-23 11:58:21,43377.81,withdrawal,EGP,completed
1000345,10182.0,2026-07-06 18:53:52,49108.11,withdrawal,EGP,failed
1000712,10105.0,2026-07-15 13:31:54,19170.02,payment,EGP,completed
1000508,10050.0,2026-07-15 21:01:06,23012.49,transfer,EGP,completed
1000134,10112.0,2026-07-24 15:35:59,36405.77,transfer,EGP,completed
1000555,10197.0,2026-07-15 04:37:13,11838.06,transfer,,completed
1000312,10135.0,2026-07-11 18:56:07,46198.83,payment,USD,completed
1000759,10026.0,2026-07-18 17:07:14,45149.49,withdrawal,EGP,failed
1000500,10086.0,2026-07-27 01:51:20,33143.35,withdrawal,EGP,completed
1000001,10018.0,2026-07-26 01:22:31,3150.05,withdrawal,EGP,completed
1000317,10147.0,2026-07-22 23:58:20,28155.27,payment,EGP,completed
1000714,10153.0,2026-07-23 17:43:12,44182.32,withdrawal,EGP,completed
1000552,10079.0,2026-07-27 10:54:24,21969.14,deposit,EGP,completed
1000804,10184.0,2026-07-09 01:01:23,34692.35,payment,EUR,completed
1000537,10092.0,2026-07-05 18:14:44,39121.45,deposit,EGP,completed
1000746,10073.0,2026-07-31 08:32:35,31796.24,withdrawal,EGP,completed
1000846,10002.0,2026-07-20 02:51:59,31350.63,payment,EGP,pending
1000173,10155.0,2026-07-13 03:16:43,12909.73,transfer,EGP,completed
1000126,10114.0,2026-07-27 03:37:47,27631.64,transfer,EGP,completed
1000990,10158.0,2026-07-29 15:17:41,7572.38,payment,EGP,completed
1000424,10117.0,2026-07-21 21:54:01,19347.76,withdrawal,EGP,pending
1000809,10079.0,2026-07-03 18:50:30,20481.3,withdrawal,EGP,pending
1000912,10037.0,2026-07-28 12:39:49,8971.28,transfer,EGP,completed
1000091,10088.0,2026-07-16 14:09:33,12049.3,transfer,USD,completed
1000948,10027.0,2026-07-29 10:08:06,46482.17,transfer,USD,completed
1000182,10031.0,2026-07-29 18:01:50,5989.57,withdrawal,USD,completed
1000275,10084.0,2026-07-24 15:26:33,6446.23,UNKNOWN,USD,completed
1000904,10177.0,2026-07-08 16:48:51,7812.09,transfer,EUR,completed
1000070,10094.0,2026-07-01 07:58:52,20033.07,deposit,EUR,completed
1000292,10054.0,2026-07-27 14:26:42,32954.73,payment,EGP,completed
1000132,,2026-07-21 18:37:52,25847.15,payment,EGP,failed
1000301,10073.0,2026-07-24 13:10:39,10766.22,withdrawal,EUR,completed
1000933,10052.0,2026-07-26 20:43:10,38843.59,payment,EUR,completed
1000327,10048.0,2026-07-22 01:24:57,18684.38,payment,EGP,completed
1000145,10199.0,2026-07-11 06:20:37,20862.47,deposit,EGP,completed
1000498,10075.0,2026-07-25 04:45:08,31571.72,withdrawal,EGP,completed
1000678,10017.0,2026-07-13 23:56:19,22089.08,transfer,EGP,failed
1000951,10019.0,2026-07-29 09:04:32,47598.84,withdrawal,EGP,completed
1000136,10061.0,2026-07-02 19:13:57,15950.4,payment,EGP,completed
1000782,10128.0,2026-07-11 12:34:17,39838.76,transfer,EGP,completed
1000165,10084.0,2026-07-17 00:38:38,7385.84,transfer,,completed
1000029,10110.0,2026-07-18 12:34:46,36938.61,transfer,USD,completed
1000961,10031.0,2026-07-27 00:43:30,30756.1,withdrawal,EGP,completed
1000194,10073.0,2026-07-22 19:03:24,48781.0,deposit,EUR,completed
1000962,10082.0,2026-07-31 15:31:16,20891.82,transfer,USD,completed
1000644,10097.0,2026-07-19 10:21:29,10068.1,deposit,EGP,completed
1000170,10005.0,2026-07-29 10:29:57,4683.17,transfer,EGP,completed
1000986,10131.0,2026-07-25 14:27:53,46337.19,cashout,EGP,completed
1000141,10197.0,2026-07-28 07:36:07,17699.22,transfer,EGP,completed
1000174,10145.0,2026-07-06 12:03:53,37628.83,withdrawal,EGP,completed
1000007,10018.0,2026-07-27 08:34:05,46096.53,withdrawal,EUR,completed
1000897,10102.0,2026-07-18 19:17:04,32810.85,payment,EGP,completed
1000482,10166.0,2026-07-01 01:14:08,3387.95,withdrawal,EGP,completed
1000074,10026.0,2026-07-17 06:39:56,46800.08,payment,USD,completed
1000690,10157.0,2026-07-03 21:59:22,19785.34,transfer,EGP,completed
1000584,10011.0,2026-07-13 20:02:07,13440.85,transfer,USD,completed
1000239,10062.0,2026-07-10 05:32:46,8848.11,payment,EGP,completed
1000146,10171.0,2026-07-15 23:02:02,16111.21,UNKNOWN,USD,completed
1000800,10089.0,2026-07-17 04:22:37,31112.01,transfer,EGP,completed
1000235,10099.0,2026-07-20 17:56:03,10743.91,withdrawal,EGP,completed
1000221,10026.0,2026-07-21 03:21:24,103.32,deposit,EGP,completed
1000479,10133.0,2026-07-08 03:31:46,24339.72,payment,EGP,completed
1000719,10048.0,2026-07-13 19:16:21,32941.11,withdrawal,EGP,failed
1000133,10019.0,2026-07-25 15:03:55,4805.19,transfer,USD,completed
1000508,10050.0,2026-07-15 21:01:06,23012.49,transfer,EGP,completed
1000985,10118.0,2026-07-20 18:09:51,-2520.76,deposit,EGP,pending
1000186,10090.0,2026-07-10 12:48:21,41164.23,transfer,EGP,completed
1000042,10152.0,2026-07-27 13:16:18,33391.12,transfer,EGP,completed
1000617,10050.0,2026-07-25 15:00:23,265.07,withdrawal,EGP,completed
1000109,10095.0,2026-07-30 03:53:50,49930.55,transfer,EGP,completed
1000595,10065.0,2026-07-22 18:21:44,41714.34,transfer,EGP,completed
1000057,10110.0,2026-07-14 22:29:11,45520.83,payment,EGP,completed
1000409,10187.0,2026-07-01 01:08:31,43371.79,withdrawal,EUR,completed
1000446,10133.0,2026-07-02 02:40:01,28450.06,withdrawal,EGP,pending
1000568,10050.0,2026-07-19 16:56:52,839.49,transfer,EGP,completed
1000869,,2026-07-01 22:26:24,26450.66,payment,EGP,completed
1000025,10157.0,2026-07-26 11:29:00,33016.79,withdrawal,EUR,completed
1000421,10186.0,2026-07-30 10:45:04,35256.67,transfer,EUR,completed
1000450,10058.0,2026-07-04 04:38:02,10133.27,payment,USD,completed
1000536,10031.0,2026-07-01 23:16:29,24082.1,transfer,EGP,completed
1000779,10055.0,2026-07-10 12:59:59,17335.89,deposit,EGP,completed
1000369,10005.0,2026-07-30 20:34:45,9464.29,payment,EUR,completed
1000935,10089.0,2026-07-05 13:09:18,35599.71,withdrawal,EGP,completed
1000339,10041.0,2026-07-25 00:48:49,43913.46,transfer,EGP,completed
1000052,10039.0,2026-07-12 07:30:00,6511.67,withdrawal,EGP,completed
1000716,10160.0,2026-07-28 05:30:14,38521.15,transfer,EGP,completed
1000520,10119.0,2026-07-15 06:48:45,9923.47,withdrawal,EGP,completed
1000929,10084.0,2026-07-06 15:46:55,970.97,deposit,EUR,completed
1000639,10159.0,2026-07-06 15:40:14,12331.49,transfer,USD,completed
1000265,10198.0,2026-07-08 09:21:19,28864.2,transfer,EGP,completed
1000542,10012.0,2026-07-08 11:46:45,12075.62,transfer,EUR,completed
1000718,10099.0,2026-07-12 18:00:54,30337.82,payment,EGP,completed
1000689,10090.0,2026-07-30 02:58:07,29153.09,deposit,EGP,completed
1000590,10169.0,2026-07-01 22:11:49,8531.51,withdrawal,EUR,completed
1000523,10039.0,2026-07-06 22:22:11,44147.14,transfer,EGP,completed
1000451,10193.0,2026-07-10 02:28:33,40039.15,payment,EGP,completed
1000019,,2026-07-02 06:59:56,2060.67,deposit,EGP,completed
1000723,10170.0,2026-07-21 05:39:54,35610.29,payment,USD,completed
1000487,10067.0,2026-07-06 00:57:05,49070.29,transfer,EGP,completed
1000573,10057.0,2026-07-23 18:11:58,27630.53,withdrawal,USD,completed
1000437,10114.0,2026-07-14 05:47:48,10974.28,transfer,EGP,completed
1000368,10064.0,2026-07-15 01:14:24,7024.2,deposit,EGP,completed
1000084,10167.0,2026-07-18 05:38:28,42173.98,payment,EGP,completed
1000062,10149.0,2026-07-22 07:37:22,30522.52,deposit,EGP,completed
1000441,10195.0,2026-07-25 03:58:59,11856.2,withdrawal,EUR,completed
1000273,10031.0,2026-07-29 21:05:02,19906.37,payment,USD,completed
1000286,10188.0,2026-07-02 12:25:44,46642.34,payment,EGP,pending
1000361,10170.0,2026-07-03 13:19:17,33433.12,deposit,EGP,completed
1000355,10194.0,2026-07-07 19:18:05,43723.0,cashout,USD,completed
1000653,10041.0,2026-07-02 14:37:21,12773.68,withdrawal,EGP,completed
1000279,10013.0,2026-07-01 06:02:41,43313.92,transfer,EGP,completed
1000013,10148.0,2026-07-08 14:57:57,23665.56,transfer,EGP,failed
1000183,10100.0,2026-07-22 09:57:18,4344.82,deposit,EGP,completed
1000369,10005.0,,9464.29,payment,EUR,completed
1000496,10083.0,2026-07-14 08:54:26,31914.94,transfer,EGP,completed
1000622,10096.0,2026-07-01 02:58:53,25969.79,payment,EGP,completed
1000224,10041.0,2026-07-21 06:39:07,32332.22,transfer,EGP,completed
1000811,10009.0,2026-07-08 14:05:30,11157.28,deposit,EUR,completed
1000706,10113.0,,49332.11,deposit,EGP,completed
1000507,10107.0,2026-07-29 08:08:42,36841.83,withdrawal,EGP,completed
1000550,10137.0,2026-07-01 03:31:39,13676.58,payment,EGP,completed
1000589,10168.0,2026-07-27 17:14:17,14850.17,transfer,EGP,completed
1000819,10134.0,2026-07-05 04:44:53,24984.75,transfer,EGP,pending
1000177,10144.0,2026-07-10 19:27:08,23260.75,withdrawal,EGP,completed
1000741,10164.0,2026-07-14 08:40:56,12322.7,withdrawal,USD,completed
1000634,10076.0,2026-07-28 07:00:10,34535.58,deposit,EGP,completed
1000592,10181.0,2026-07-11 17:46:48,2944.37,deposit,EUR,completed
1000591,10161.0,2026-07-23 19:30:23,9799.52,transfer,USD,completed
1000394,10120.0,2026-07-24 00:17:04,3038.23,deposit,EGP,completed
1000164,10082.0,2026-07-17 11:22:11,8441.64,deposit,EGP,completed
1000249,10158.0,2026-07-11 01:59:37,44423.85,payment,EGP,completed
1000708,10115.0,2026-07-29 06:57:41,20648.13,transfer,EGP,completed
1000894,10197.0,2026-07-23 00:25:20,1106.74,deposit,EGP,completed
1000676,10146.0,2026-07-31 11:39:44,46928.65,withdrawal,EGP,completed
1000376,10019.0,2026-07-30 17:39:06,4082.73,transfer,EGP,completed
1000413,10056.0,2026-07-08 18:26:51,42115.63,withdrawal,EGP,pending
1000075,10138.0,2026-07-15 11:14:40,42706.52,withdrawal,EGP,completed
1000114,10092.0,2026-07-10 01:17:31,46648.39,payment,USD,pending
1000579,10179.0,2026-07-04 12:02:51,49741.47,withdrawal,,completed
1000939,10093.0,2026-07-30 18:05:48,12316.02,withdrawal,EGP,completed
1000391,10150.0,2026-07-10 11:40:17,46796.91,deposit,EGP,completed
1000105,10160.0,2026-07-10 11:55:13,6959.54,deposit,EGP,pending
1000115,10102.0,2026-07-07 00:37:26,-4329.78,withdrawal,EGP,completed
1000418,10025.0,2026-07-14 14:09:33,27197.6,deposit,USD,completed
1000594,10196.0,2026-07-01 14:09:41,20173.84,transfer,EUR,completed
1000458,10127.0,2026-07-15 02:36:27,21920.19,deposit,EGP,pending
1000410,10003.0,2026-07-09 18:44:08,35406.8,withdrawal,EGP,completed
1000093,10169.0,2026-07-27 03:09:09,14501.54,withdrawal,EGP,completed
1000569,10129.0,2026-07-29 04:37:02,23886.17,withdrawal,EGP,pending
1000090,10167.0,2026-07-05 09:20:50,22849.79,payment,EGP,completed
1000337,10193.0,2026-07-20 18:51:04,9421.08,payment,EGP,completed
1000999,10193.0,2026-07-09 16:47:46,42292.69,transfer,EGP,pending
1000930,10116.0,2026-07-30 12:28:25,21986.97,deposit,USD,completed
1000942,10081.0,2026-07-08 20:22:09,22771.98,withdrawal,EGP,completed
1000612,10093.0,2026-07-05 10:55:36,38800.76,withdrawal,EGP,completed
1000600,10129.0,2026-07-22 22:49:11,13272.35,transfer,EGP,pending
1000618,10054.0,2026-07-16 17:25:32,-715.74,transfer,EGP,pending
1000095,10180.0,2026-07-11 04:28:22,29318.77,payment,EGP,completed
1000012,10196.0,2026-07-25 19:06:12,30004.78,payment,EGP,completed
1000397,10009.0,2026-07-20 05:11:54,26768.16,withdrawal,EUR,completed
1000874,10025.0,2026-07-30 04:30:17,49253.08,transfer,EGP,completed
1000044,10071.0,2026-07-12 12:57:45,33162.34,deposit,EGP,completed
1000043,10141.0,2026-07-13 20:54:58,32793.11,payment,EGP,pending
1000330,10111.0,2026-07-11 14:23:37,8071.39,payment,EGP,completed
1000168,10034.0,2026-07-13 08:31:23,26970.14,deposit,EGP,completed
1000501,10023.0,2026-07-17 10:07:23,33609.12,transfer,USD,completed
1000885,10163.0,2026-07-20 03:34:38,16710.82,deposit,EGP,completed
1000604,10027.0,2026-07-10 19:57:43,40732.97,payment,USD,completed
1000893,10105.0,2026-07-28 05:58:28,27721.36,deposit,EUR,completed
1000101,10167.0,2026-07-15 20:54:37,424.98,deposit,EGP,completed
1000427,10173.0,2026-07-21 19:39:52,4533.17,withdrawal,EGP,completed
1000179,10181.0,2026-07-09 00:49:12,10998.5,withdrawal,EGP,completed
1000445,,2026-07-05 07:54:48,9796.46,transfer,EGP,completed
1000417,10194.0,2026-07-20 16:22:16,-2472.42,withdrawal,EGP,completed
1000654,10161.0,2026-07-19 11:12:39,6795.15,deposit,EGP,completed
1000891,10020.0,2026-07-06 17:48:45,11432.0,payment,EGP,completed
1000665,10120.0,2026-07-17 06:47:27,45873.91,withdrawal,EGP,completed
1000178,10033.0,2026-07-06 22:33:09,18426.82,transfer,USD,completed
1000396,10175.0,2026-07-19 07:30:50,7830.1,transfer,EGP,completed
1000683,10192.0,2026-07-02 02:09:58,37480.18,transfer,EGP,
1000802,10061.0,2026-07-15 12:30:07,31196.14,transfer,EGP,completed
1000971,10060.0,2026-07-26 16:35:10,15645.1,payment,EGP,pending
1000981,10118.0,2026-07-21 09:13:24,42985.08,payment,EGP,completed
1000384,10049.0,2026-07-28 19:21:56,49677.47,transfer,EGP,completed
1000967,10121.0,2026-07-12 11:55:56,36502.55,deposit,EGP,completed
1000619,,2026-07-04 18:17:08,49704.18,transfer,EGP,completed
1000258,10021.0,2026-07-18 05:15:48,40999.45,deposit,EGP,completed
1000336,10162.0,2026-07-31 23:03:54,42789.32,withdrawal,EGP,completed
1000016,10158.0,2026-07-26 23:00:44,8902.91,deposit,USD,completed
1000636,10138.0,2026-07-17 14:55:59,20621.58,payment,USD,completed
1000325,10196.0,2026-07-27 20:33:29,16569.27,payment,EUR,completed
1000766,10157.0,2026-07-29 23:55:25,3611.66,deposit,EGP,completed
1000223,10141.0,2026-07-30 19:22:23,44730.85,payment,EGP,pending
1000180,10101.0,2026-07-01 18:28:06,10458.55,withdrawal,EGP,completed
1000994,10087.0,2026-07-20 19:25:34,3608.66,transfer,EGP,completed
1000522,10030.0,2026-07-23 01:23:57,26493.1,transfer,EGP,completed
1000023,10037.0,2026-07-27 22:10:45,49590.8,transfer,EGP,completed
1000357,10031.0,2026-07-11 15:59:07,26046.85,payment,EGP,completed
1000680,10188.0,2026-07-16 22:50:59,26396.51,deposit,EGP,pending
1000870,10009.0,2026-07-24 22:37:50,41650.21,transfer,EGP,completed
1000341,10127.0,2026-07-17 13:25:16,5100.25,deposit,USD,completed
1000432,10148.0,2026-07-06 17:46:24,30630.44,deposit,EGP,completed
1000803,10104.0,2026-07-15 02:17:54,6797.24,deposit,EGP,failed
1000842,10132.0,2026-07-04 00:09:05,28520.65,deposit,USD,completed
1000204,10140.0,2026-07-24 14:30:20,35541.11,deposit,USD,completed
1000637,10048.0,2026-07-06 03:03:40,20197.55,payment,USD,completed
1000094,10078.0,2026-07-13 04:04:26,12927.53,withdrawal,EGP,completed
1000807,10109.0,2026-07-01 06:23:05,3749.82,withdrawal,EGP,completed
1000069,10016.0,2026-07-11 08:13:10,1210.22,transfer,EGP,completed
1000629,10102.0,2026-07-13 00:48:07,9815.02,payment,EGP,completed
1000285,10089.0,2026-07-12 20:04:22,46342.13,deposit,EGP,completed
1000886,10147.0,2026-07-06 13:32:31,16567.32,deposit,EGP,pending
1000435,10087.0,2026-07-10 21:40:13,10330.7,transfer,EGP,completed
1000154,10059.0,2026-07-29 04:42:24,7718.6,payment,EGP,completed
1000076,10096.0,2026-07-06 01:49:51,16144.67,deposit,EGP,
1000738,10067.0,2026-07-04 02:17:51,-3334.42,withdrawal,EGP,pending
1000447,10063.0,2026-07-30 01:53:22,45626.82,withdrawal,EGP,completed
1000189,10048.0,2026-07-18 13:29:37,6903.7,deposit,EGP,completed
1000272,10005.0,2026-07-04 09:18:21,19067.58,transfer,USD,failed
1000237,10133.0,2026-07-01 03:30:22,10388.91,payment,EGP,completed
1000488,10107.0,2026-07-01 00:55:02,23476.8,withdrawal,EGP,completed
1000118,10028.0,2026-07-19 04:18:54,39547.36,deposit,USD,completed
1000827,10137.0,2026-07-04 06:17:13,25808.59,deposit,EGP,completed
1000513,10169.0,2026-07-24 01:29:40,31359.91,deposit,USD,pending
1000558,10176.0,2026-07-24 23:03:55,24921.7,payment,EGP,failed
1000598,10156.0,2026-07-23 11:32:11,8814.34,deposit,EGP,completed
1000127,10016.0,2026-07-27 11:27:58,25063.27,deposit,EGP,pending
1000117,10008.0,2026-07-31 20:44:03,6942.98,deposit,EGP,completed
1000474,10094.0,2026-07-07 10:01:23,24907.5,deposit,EUR,completed
1000966,10118.0,2026-07-23 23:45:40,3797.11,deposit,USD,completed
1000058,10031.0,2026-07-24 22:26:45,10165.99,transfer,EGP,pending
1000681,10145.0,2026-07-30 05:18:41,37251.31,withdrawal,EUR,completed
1000921,10175.0,2026-07-13 04:36:08,24728.48,payment,USD,completed
1000370,10155.0,2026-07-20 16:05:52,17239.85,transfer,EGP,completed
1000269,10123.0,2026-07-30 13:08:45,24957.05,deposit,USD,completed
1000047,10090.0,2026-07-08 10:07:46,9930.6,withdrawal,EUR,completed
1000350,10033.0,2026-07-19 10:50:18,5964.03,withdrawal,EGP,completed
1000196,10018.0,2026-07-20 15:31:28,9655.42,withdrawal,EGP,completed
1000050,10156.0,2026-07-04 17:02:10,12371.68,withdrawal,EGP,pending
1000843,10182.0,2026-07-26 07:28:17,7756.44,deposit,EGP,completed
1000744,10055.0,2026-07-01 17:12:58,47927.84,withdrawal,EGP,completed
1000264,10186.0,2026-07-26 12:00:06,47434.84,payment,EGP,completed
1000444,10098.0,2026-07-14 10:07:53,3213.26,withdrawal,EGP,completed
1000810,10200.0,2026-07-30 17:44:35,4381.24,payment,EGP,completed
1000305,10109.0,2026-07-19 22:17:45,41348.15,transfer,EGP,completed
1000342,10059.0,2026-07-05 05:47:42,40557.6,withdrawal,EGP,completed
1000605,10166.0,2026-07-04 20:23:15,11801.06,deposit,EGP,pending
1000977,10020.0,2026-07-29 21:15:43,23222.92,transfer,USD,completed
1000150,10012.0,2026-07-27 09:53:58,44656.9,withdrawal,USD,pending
1000125,10172.0,2026-07-27 01:23:28,21203.59,payment,EGP,completed
1000794,10166.0,2026-07-09 14:54:58,34460.63,withdrawal,EGP,completed
1000831,10050.0,2026-07-12 00:00:09,23442.61,withdrawal,EUR,completed
1000051,10152.0,2026-07-16 18:10:58,33409.07,withdrawal,EGP,pending
1000354,10088.0,2026-07-29 08:58:56,15224.64,withdrawal,EGP,completed
1000936,10189.0,2026-07-06 01:42:04,5184.74,transfer,EGP,completed
1000143,10056.0,2026-07-29 20:57:26,41614.4,deposit,EGP,completed
1000471,10148.0,2026-07-28 19:57:26,46836.65,withdrawal,EGP,failed
1000400,10063.0,2026-07-10 06:44:28,19891.8,transfer,EGP,completed
1000632,10066.0,2026-07-28 19:35:34,43097.63,withdrawal,EUR,completed
1000321,10065.0,2026-07-04 13:13:39,24846.05,transfer,EGP,completed
1000020,10091.0,2026-07-04 14:11:50,22509.15,transfer,EGP,completed
1000818,10022.0,2026-07-08 19:48:45,23654.17,withdrawal,EGP,completed
1000801,,2026-07-02 18:26:32,30536.25,transfer,EUR,completed
1000817,10009.0,2026-07-08 06:07:10,38033.06,payment,EGP,pending
1000408,10029.0,2026-07-28 02:29:23,4759.59,deposit,EGP,pending
1000538,10024.0,2026-07-04 10:18:29,37412.11,transfer,EGP,completed
1000627,10068.0,2026-07-18 21:53:24,18608.58,deposit,EGP,completed
1000039,10056.0,2026-07-14 12:53:05,22030.5,withdrawal,EGP,completed
1000176,10093.0,2026-07-11 12:06:30,37525.79,withdrawal,EGP,pending
1000246,10017.0,2026-07-31 13:14:30,13277.12,withdrawal,USD,completed
1000837,10162.0,2026-07-30 04:18:43,78.38,deposit,EGP,completed
1000674,10020.0,2026-07-24 12:15:58,6458.25,payment,EUR,completed
1000762,10111.0,2026-07-13 16:24:00,8498.28,payment,EGP,pending
1000867,10164.0,2026-07-04 10:34:46,46650.03,withdrawal,EGP,completed
1000155,10087.0,2026-07-10 10:54:20,26715.31,deposit,EGP,completed
1000288,10115.0,2026-07-08 06:29:38,16496.66,payment,EGP,completed
1000821,10005.0,2026-07-10 16:38:21,46402.13,transfer,EGP,completed
1000570,10115.0,2026-07-31 12:34:45,24741.01,deposit,EGP,completed
1000751,10193.0,2026-07-29 20:51:49,32039.94,deposit,EUR,completed
1000018,10026.0,2026-07-16 07:38:28,42308.08,deposit,EGP,completed
1000128,10153.0,2026-07-20 18:21:57,34323.84,UNKNOWN,EGP,completed
1000323,10123.0,2026-07-18 00:57:03,323.38,withdrawal,EGP,completed
1000256,10029.0,2026-07-03 15:06:19,42626.5,withdrawal,USD,completed
1000775,10170.0,2026-07-24 20:04:29,31941.45,withdrawal,EGP,completed
1000975,10030.0,2026-07-18 08:00:30,8781.63,payment,EGP,completed
1000191,10137.0,2026-07-13 21:08:52,22464.04,withdrawal,EUR,completed
1000116,10114.0,2026-07-16 04:42:25,3528.55,withdrawal,EGP,completed
1000623,10034.0,2026-07-29 15:34:46,40506.54,payment,EGP,pending
1000607,10065.0,2026-07-05 14:04:02,48227.72,deposit,EGP,completed
1000181,10188.0,2026-07-19 20:19:20,37586.97,transfer,USD,completed
1000302,10166.0,2026-07-13 10:36:30,28155.49,transfer,EGP,completed
1000811,10009.0,2026-07-08 14:05:30,11157.28,deposit,EUR,completed
1000900,10124.0,2026-07-11 12:27:20,2794.0,transfer,EGP,completed
1000731,10146.0,2026-07-25 03:20:09,47260.16,payment,EGP,failed
1000844,10008.0,2026-07-27 05:16:22,47056.76,deposit,EGP,completed
1000668,10173.0,2026-07-22 00:08:59,11421.67,deposit,EGP,completed
1000518,10014.0,2026-07-02 12:08:07,47804.53,deposit,EGP,completed
1000995,10106.0,,23791.52,transfer,EGP,completed
1000046,10195.0,2026-07-05 18:17:16,16361.01,deposit,EGP,completed
1000918,10157.0,2026-07-16 05:00:44,36254.6,withdrawal,USD,completed
1000158,10112.0,2026-07-27 08:36:14,75.91,withdrawal,EGP,completed
1000752,10030.0,2026-07-28 12:21:10,10116.67,deposit,EGP,completed
1000172,10019.0,2026-07-20 13:20:21,36902.99,withdrawal,EGP,completed
1000017,10103.0,2026-07-12 21:38:27,33920.8,withdrawal,EGP,completed
1000512,10150.0,2026-07-08 01:49:12,9969.25,transfer,USD,completed
1000049,10136.0,2026-07-21 17:19:48,43038.49,withdrawal,EGP,completed
1000982,10141.0,2026-07-20 07:17:43,18941.12,payment,EGP,completed
1000849,10164.0,2026-07-17 03:37:16,20642.32,deposit,USD,completed
1000516,10022.0,2026-07-29 20:12:22,13665.7,payment,EGP,completed
1000693,10187.0,2026-07-21 09:06:51,12373.92,payment,EGP,completed
1000481,10058.0,2026-07-05 16:42:16,21117.21,withdrawal,EGP,completed
1000284,10099.0,2026-07-25 19:50:54,31675.8,withdrawal,EGP,completed
1000850,10122.0,2026-07-06 02:59:29,37994.17,payment,EGP,completed
1000661,10036.0,2026-07-20 05:02:43,8138.98,payment,EUR,completed
1000226,10062.0,2026-07-31 01:32:32,44518.68,deposit,EGP,completed
1000027,10081.0,2026-07-03 09:46:04,47379.4,deposit,EUR,completed
1000790,10003.0,2026-07-24 08:36:26,3933.35,transfer,EGP,completed
1000438,10186.0,2026-07-21 05:46:26,25812.0,payment,EGP,completed
1000960,10083.0,2026-07-06 19:18:20,30710.72,payment,USD,completed
1000365,10024.0,2026-07-18 04:46:41,23113.27,transfer,EGP,pending
1000230,10036.0,2026-07-09 22:26:30,3021.36,deposit,USD,completed
1000038,10166.0,2026-07-01 10:55:26,20437.43,transfer,EGP,completed
1000976,10046.0,2026-07-02 13:16:45,11018.0,payment,EGP,completed
1000375,10178.0,2026-07-28 12:13:17,48722.14,withdrawal,EGP,failed
1000470,10187.0,2026-07-02 21:01:59,8485.21,transfer,EGP,completed
1000978,10115.0,2026-07-11 14:44:54,47131.29,deposit,EUR,completed
1000859,10134.0,2026-07-17 05:52:37,12559.13,withdrawal,EGP,completed
1000713,10146.0,2026-07-28 06:43:00,48999.93,payment,USD,completed
1000733,10185.0,2026-07-22 16:25:14,37497.8,refund,EGP,completed
1000195,10192.0,2026-07-17 07:12:52,43649.3,transfer,USD,completed
1000910,10019.0,2026-07-30 03:22:26,44657.97,transfer,EGP,completed
1000873,10023.0,2026-07-19 16:54:11,49281.77,deposit,USD,completed
1000504,10174.0,2026-07-10 23:55:58,21282.83,payment,,completed
1000980,10114.0,2026-07-25 15:04:33,10801.43,transfer,EGP,failed
1000883,10090.0,2026-07-06 12:18:25,20445.73,withdrawal,EUR,completed
1000580,10021.0,2026-07-19 14:56:45,43651.96,withdrawal,EGP,completed
1000979,10071.0,2026-07-02 18:28:52,36720.61,payment,EUR,completed
1000163,10082.0,2026-07-27 06:53:39,41165.21,transfer,EGP,pending
1000709,10096.0,2026-07-08 13:21:38,43783.18,cashout,EGP,completed
1000153,10184.0,2026-07-14 08:33:48,4849.96,payment,USD,completed
1000688,10119.0,2026-07-13 15:31:23,25288.58,withdrawal,USD,completed
1000707,10002.0,2026-07-31 11:44:47,4735.7,withdrawal,EGP,completed
1000763,10190.0,2026-07-01 07:34:58,10628.02,deposit,EGP,completed
1000112,10157.0,2026-07-08 05:14:31,21168.88,withdrawal,USD,completed
1000227,10162.0,2026-07-04 07:47:46,23524.3,withdrawal,USD,failed
1000695,10019.0,2026-07-05 23:03:00,33914.69,transfer,EGP,completed
1000104,10002.0,2026-07-05 16:06:02,41966.73,deposit,USD,completed
1000422,10139.0,2026-07-31 20:03:29,24172.77,payment,EGP,pending
1000420,10102.0,2026-07-15 18:20:07,48591.6,deposit,EGP,completed
1000758,10077.0,2026-07-19 20:54:12,48618.7,deposit,EGP,completed
1000587,10138.0,2026-07-26 12:31:02,17264.81,deposit,EGP,completed
1000788,10138.0,2026-07-04 01:35:59,34318.19,deposit,EGP,completed
1000673,10128.0,2026-07-09 07:08:58,38010.35,deposit,EGP,failed
1000120,10023.0,2026-07-16 07:00:27,44248.21,deposit,EUR,failed
1000054,10094.0,2026-07-30 17:04:16,6975.79,payment,EUR,completed
1000152,10057.0,2026-07-16 15:33:53,43959.49,transfer,EGP,completed
1000404,10195.0,2026-07-10 23:56:03,15567.18,payment,EUR,completed
1000954,10086.0,2026-07-15 09:58:13,48511.57,deposit,EGP,completed
1000208,10194.0,2026-07-23 08:11:52,24335.29,payment,EGP,completed
1000659,10015.0,2026-07-27 00:14:20,19989.81,withdrawal,EUR,completed
1000852,10161.0,2026-07-08 20:25:19,45294.3,transfer,EGP,completed
1000988,10064.0,2026-07-07 13:41:39,34661.68,payment,EGP,completed
1000009,10041.0,2026-07-23 17:38:37,36322.7,deposit,EGP,completed
1000909,10075.0,2026-07-02 03:11:25,40147.47,payment,EGP,pending
1000037,10172.0,2026-07-28 23:40:28,17151.0,transfer,USD,completed
1000453,10100.0,2026-07-02 14:07:44,43213.63,withdrawal,EGP,pending
1000652,10131.0,,13743.01,payment,EGP,completed
1000254,10066.0,2026-07-25 14:29:58,30997.48,UNKNOWN,EGP,completed
1000304,10180.0,2026-07-28 18:21:08,12908.25,deposit,EGP,completed
1000754,10188.0,2026-07-13 05:36:16,40597.03,payment,EGP,completed
1000572,10084.0,2026-07-12 04:58:58,28429.96,deposit,EUR,completed
1000624,10084.0,2026-07-01 12:20:07,4497.65,deposit,EGP,completed
1000717,10104.0,2026-07-21 00:32:24,16875.98,payment,EGP,completed
1000905,10092.0,2026-07-11 07:49:03,30347.99,deposit,USD,completed
1000263,10060.0,2026-07-14 18:41:18,16230.64,withdrawal,EGP,completed
1000611,10167.0,2026-07-25 01:39:10,12689.09,deposit,EGP,completed
1000298,10088.0,2026-07-21 23:54:06,-3855.34,payment,EGP,completed
1000415,10004.0,2026-07-19 03:15:08,6390.42,withdrawal,EGP,completed
1000151,10172.0,2026-07-12 11:10:53,7238.24,withdrawal,EUR,completed
1000984,10130.0,2026-07-24 06:37:26,12122.89,withdrawal,EGP,completed
1000641,10135.0,2026-07-23 08:52:46,37740.93,payment,EGP,completed
1000938,10030.0,2026-07-18 04:29:09,30190.13,transfer,EGP,completed
1000551,10161.0,2026-07-09 16:48:58,6587.97,deposit,USD,pending
1000799,10064.0,2026-07-15 20:16:36,27736.57,withdrawal,EGP,completed
1000489,10154.0,2026-07-04 10:39:14,44842.93,transfer,EGP,failed
1000711,10136.0,2026-07-11 14:55:25,39400.25,withdrawal,EGP,completed
1000148,10047.0,2026-07-24 19:51:32,40079.4,payment,USD,completed
1000147,10007.0,2026-07-17 11:19:22,37453.6,withdrawal,EGP,completed
1000854,10048.0,2026-07-05 23:16:19,37816.85,deposit,EGP,completed
1000940,10102.0,2026-07-07 10:32:29,2175.46,withdrawal,EGP,completed
1000747,10107.0,2026-07-31 15:05:19,37212.54,payment,EGP,pending
1000660,10058.0,2026-07-08 20:43:35,1804.08,withdrawal,EGP,completed
1000349,10037.0,2026-07-23 18:36:58,20910.08,payment,USD,completed
1000464,10084.0,2026-07-02 13:54:52,16070.67,transfer,EGP,completed
1000326,10047.0,2026-07-06 19:34:10,43944.24,withdrawal,EGP,completed
1000187,10034.0,2026-07-05 09:57:00,19955.41,withdrawal,EGP,completed
1000124,10095.0,2026-07-08 13:17:18,8859.0,withdrawal,EUR,completed
1000862,10186.0,2026-07-10 04:14:54,49676.45,payment,EGP,completed
1000609,10194.0,2026-07-08 07:47:33,21526.35,payment,EGP,pending
1000144,10082.0,2026-07-27 04:17:32,41070.48,withdrawal,USD,completed
1000969,10185.0,2026-07-27 00:22:23,23649.81,deposit,EGP,failed
1000198,10024.0,2026-07-31 10:27:49,32820.89,deposit,EGP,completed
1000610,10172.0,2026-07-04 21:45:48,21654.15,withdrawal,EUR,completed
1000280,10017.0,2026-07-27 19:53:58,29487.09,payment,EGP,failed
1000294,10067.0,2026-07-01 03:20:53,16069.74,deposit,EUR,completed
1000401,,2026-07-27 11:49:57,22278.55,withdrawal,EGP,completed
1000123,10131.0,2026-07-09 08:02:28,41634.84,payment,EGP,completed
1000184,10140.0,2026-07-14 21:27:58,8855.75,payment,EGP,completed
1000203,10100.0,2026-07-31 12:39:58,41435.92,withdrawal,EGP,completed
1000439,10017.0,2026-07-10 21:17:53,46812.04,withdrawal,EGP,completed
1000247,10152.0,2026-07-27 15:42:44,-4948.4,withdrawal,EGP,completed
1000416,,2026-07-25 07:09:54,39799.64,withdrawal,EGP,completed
1000784,10025.0,2026-07-30 14:26:39,7718.9,payment,EGP,completed
1000868,10168.0,2026-07-24 13:27:04,10232.84,withdrawal,EGP,completed
1000915,10119.0,2026-07-11 04:19:57,7544.48,payment,EGP,completed
1000931,10108.0,2026-07-03 18:31:27,32218.27,deposit,EGP,completed
1000896,10123.0,2026-07-27 09:23:34,8891.22,withdrawal,EUR,completed
1000130,10127.0,2026-07-21 02:58:00,49602.5,withdrawal,EGP,completed
1000638,10060.0,2026-07-20 06:36:47,46171.18,withdrawal,EGP,pending
1000403,10065.0,2026-07-10 06:58:24,48439.18,withdrawal,EGP,completed
1000895,10150.0,2026-07-05 03:45:50,15852.25,withdrawal,EGP,completed
1000778,10024.0,2026-07-06 01:10:35,22397.27,transfer,EGP,pending
1000736,10135.0,2026-07-25 17:47:04,37316.1,withdrawal,EGP,completed
1000922,10115.0,2026-07-17 15:12:23,15048.58,payment,EGP,completed
1000220,10181.0,2026-07-14 15:25:33,3350.66,deposit,EGP,completed
1000642,10184.0,2026-07-02 13:35:11,4934.51,deposit,EGP,completed
1000924,10030.0,2026-07-14 11:18:53,18015.33,transfer,EGP,completed
1000760,10146.0,2026-07-19 00:15:21,46098.78,transfer,EGP,completed
1000815,10156.0,2026-07-28 09:24:28,41496.01,transfer,EGP,completed
1000928,10061.0,2026-07-04 21:29:38,35584.9,transfer,USD,completed
1000625,10121.0,2026-07-18 03:41:55,19791.97,withdrawal,EGP,failed
1000847,10032.0,2026-07-13 11:30:10,16345.61,payment,USD,completed
1000768,10096.0,2026-07-15 11:55:27,3749.18,deposit,USD,completed
1000387,10014.0,2026-07-18 08:59:21,35304.56,withdrawal,EGP,failed
1000983,10110.0,2026-07-02 16:14:52,42593.52,deposit,USD,completed
1000510,10048.0,2026-07-22 04:20:39,37272.93,payment,USD,completed
1000268,10070.0,2026-07-12 13:17:25,48932.78,payment,EGP,completed
1000828,10180.0,2026-07-31 12:31:08,24105.5,transfer,USD,completed
1000442,10061.0,2026-07-16 21:28:21,2503.43,withdrawal,EGP,completed
1000497,10024.0,2026-07-18 02:03:42,42818.64,withdrawal,EGP,completed
1000113,10112.0,2026-07-06 23:15:55,31002.44,deposit,EGP,completed
1000692,10160.0,2026-07-28 13:54:15,45662.03,deposit,EGP,completed
1000233,10004.0,2026-07-31 01:56:36,9814.55,transfer,EGP,completed
1000878,10150.0,2026-07-28 18:42:53,16076.46,withdrawal,EUR,completed
1000608,10103.0,2026-07-19 09:48:35,13266.65,withdrawal,EGP,completed
1000672,,2026-07-18 13:48:06,30964.87,transfer,EGP,completed
1000374,10075.0,2026-07-14 00:45:50,40458.03,payment,EGP,completed
1000992,10110.0,2026-07-14 13:51:51,33726.05,transfer,EGP,pending
1000851,10197.0,2026-07-03 12:52:08,11572.42,payment,EGP,completed
1000234,10152.0,2026-07-24 05:59:15,33992.37,withdrawal,EGP,completed
1000793,10145.0,2026-07-11 15:48:01,10870.29,payment,EGP,completed
1000677,10117.0,2026-07-05 15:26:22,36432.33,transfer,USD,completed
1000318,10146.0,2026-07-19 07:11:53,1375.3,withdrawal,EGP,completed
1000649,10193.0,2026-07-31 06:40:17,45384.86,withdrawal,USD,completed
1000411,10035.0,2026-07-02 21:06:23,41509.46,deposit,EGP,completed
1000907,10083.0,2026-07-10 04:19:49,22170.43,withdrawal,EGP,pending
1000710,10094.0,2026-07-07 13:50:15,14238.36,withdrawal,EGP,completed
1000359,10019.0,2026-07-04 04:38:43,34521.83,transfer,EGP,completed
1000259,10036.0,2026-07-17 18:03:59,26326.72,transfer,EGP,pending
1000745,10160.0,2026-07-07 12:29:49,35515.34,transfer,EGP,completed
1000628,10074.0,2026-07-19 02:58:16,9482.38,deposit,EGP,completed
1000633,10087.0,2026-07-03 19:46:49,32130.51,withdrawal,EGP,completed
1000283,10135.0,2026-07-13 04:43:00,21604.37,deposit,EGP,pending
1000377,10148.0,2026-07-30 19:58:36,32600.89,withdrawal,EGP,completed
1000385,10007.0,2026-07-12 23:25:25,47937.44,withdrawal,EGP,failed
1000225,10145.0,2026-07-13 22:07:54,8639.42,payment,EGP,completed
1000964,10044.0,2026-07-26 08:49:15,7721.31,deposit,EGP,failed
1000823,10028.0,2026-07-10 08:24:36,26456.44,payment,EGP,completed
1000473,10087.0,2026-07-14 22:15:45,5410.25,withdrawal,EGP,completed
1000348,10188.0,2026-07-22 17:27:19,18530.72,deposit,EGP,completed
1000506,10091.0,2026-07-08 12:24:26,25312.83,withdrawal,USD,completed
1000640,10190.0,2026-07-09 11:15:04,36504.27,payment,EGP,completed
1000998,10073.0,2026-07-31 19:03:58,16785.59,payment,USD,completed
1000798,10092.0,2026-07-06 18:12:36,14527.21,deposit,EGP,
1000937,10032.0,2026-07-12 13:12:43,23777.37,payment,EGP,completed
1000914,10197.0,2026-07-25 02:21:17,27497.21,transfer,EGP,completed
1000620,10028.0,2026-07-31 17:52:48,1980.28,payment,EGP,completed
1000864,10155.0,2026-07-12 12:12:43,26362.32,transfer,EGP,failed
1000812,10176.0,2026-07-21 05:28:27,22076.08,deposit,EUR,completed
1000646,10066.0,2026-07-10 03:17:52,23218.21,withdrawal,EGP,completed
1000855,10058.0,2026-07-04 07:21:38,42494.02,deposit,EGP,pending
1000557,10148.0,2026-07-28 19:08:51,46503.67,deposit,EGP,completed
1000968,10064.0,2026-07-15 12:45:24,42456.47,withdrawal,EGP,completed
1000578,10105.0,2026-07-25 18:36:53,42399.45,deposit,EGP,completed
1000796,10060.0,2026-07-07 06:21:12,14786.21,deposit,EUR,completed
1000086,10141.0,2026-07-27 00:16:04,37262.33,transfer,EGP,completed
1000243,10019.0,2026-07-30 20:39:41,18069.9,payment,EGP,pending
1000699,10011.0,2026-07-12 03:34:47,48033.28,withdrawal,EGP,completed
1000160,10157.0,2026-07-11 13:23:58,38742.46,deposit,EGP,completed
1000525,10064.0,2026-07-19 17:04:27,35422.47,payment,EGP,completed
1000036,10013.0,2026-07-24 00:33:47,32371.24,deposit,EGP,completed
1000541,10142.0,2026-07-15 17:46:24,41036.83,transfer,EGP,completed
1000171,10022.0,2026-07-20 11:57:39,19754.35,withdrawal,EGP,completed
1000655,10111.0,2026-07-05 20:15:28,47192.73,deposit,EGP,completed
1000899,10015.0,2026-07-24 03:49:26,3294.09,payment,EGP,completed
1000866,10140.0,2026-07-13 13:12:43,-2412.59,transfer,EGP,completed
1000856,10170.0,2026-07-27 09:50:17,49941.49,transfer,EGP,completed
1000953,10123.0,2026-07-03 05:23:09,38162.81,payment,EGP,completed
1000734,10155.0,2026-07-27 19:59:09,12917.75,withdrawal,EGP,completed
1000096,10058.0,2026-07-03 11:33:24,20528.62,transfer,EUR,failed
1000564,10037.0,2026-07-29 11:34:56,45434.98,deposit,USD,completed
1000241,10029.0,2026-07-16 18:05:08,43021.08,withdrawal,EGP,completed
1000743,10127.0,2026-07-15 03:07:13,1407.75,withdrawal,EUR,completed
1000575,10002.0,2026-07-05 14:28:22,5477.42,transfer,USD,completed
1000691,10200.0,2026-07-24 22:31:45,39355.22,deposit,EGP,completed
1000461,10145.0,2026-07-25 11:52:32,38550.12,deposit,USD,completed
1000554,10064.0,2026-07-20 04:37:28,18495.18,transfer,USD,completed
1000887,10011.0,,6404.94,transfer,EGP,completed
1000207,10153.0,2026-07-16 23:13:07,30097.84,refund,USD,completed
1000393,10074.0,2026-07-31 12:05:25,5919.34,deposit,EGP,completed
1000795,10087.0,2026-07-15 19:40:13,45494.34,withdrawal,EGP,completed
1000398,10040.0,2026-07-21 06:09:31,45791.46,withdrawal,EGP,completed
1000767,10123.0,2026-07-16 15:11:02,49491.66,transfer,EGP,completed
1000884,10032.0,2026-07-27 05:46:48,37471.25,deposit,,completed
1000218,10020.0,2026-07-23 16:54:56,28226.55,withdrawal,EUR,completed
1000005,10087.0,2026-07-04 23:25:52,31632.53,payment,EGP,completed
1000769,10028.0,2026-07-03 02:21:20,6670.48,deposit,EUR,completed
1000643,10171.0,2026-07-14 20:42:11,23438.16,payment,EUR,completed
1000906,10142.0,2026-07-08 14:07:42,22262.17,transfer,USD,completed
1000613,10157.0,2026-07-21 18:38:52,38603.87,payment,EGP,completed
1000739,10148.0,2026-07-01 02:24:53,26588.07,withdrawal,EGP,completed
1000547,10086.0,2026-07-22 07:28:34,12084.31,transfer,EGP,completed
1000726,10024.0,2026-07-25 06:31:20,2807.74,withdrawal,USD,pending
1000684,10192.0,2026-07-25 16:14:42,14428.35,deposit,EGP,completed
1000099,10128.0,2026-07-02 06:40:24,43035.47,payment,EUR,failed
1000805,10148.0,2026-07-04 23:12:30,33753.78,transfer,EGP,completed
1000728,10018.0,2026-07-18 16:01:50,43261.76,payment,EGP,completed
1000574,10010.0,2026-07-26 04:59:25,41838.82,payment,EGP,completed
1000407,10087.0,2026-07-11 18:10:46,48220.44,withdrawal,EUR,completed
1000503,10193.0,2026-07-08 02:23:22,18577.07,payment,EGP,pending
1000048,10179.0,2026-07-19 15:01:30,38918.66,deposit,EGP,failed
1000033,10019.0,2026-07-23 15:41:55,25471.26,withdrawal,EGP,completed
1000780,10171.0,2026-07-22 05:18:51,23409.24,deposit,EGP,completed
1000840,10183.0,2026-07-18 03:21:22,36686.65,payment,EGP,completed
1000201,10074.0,2026-07-28 05:59:31,28342.71,transfer,EGP,pending
1000135,10159.0,2026-07-20 00:41:23,48834.37,payment,EGP,completed
1000028,10165.0,2026-07-09 16:46:29,18348.46,withdrawal,EUR,completed
1000889,10004.0,2026-07-02 21:44:19,42533.52,withdrawal,EGP,completed
1000231,10093.0,2026-07-26 11:10:25,10798.15,deposit,EGP,pending
1000490,10122.0,2026-07-16 18:04:35,23804.28,withdrawal,EGP,failed
1000773,10001.0,2026-07-12 05:50:17,31564.05,deposit,EGP,completed
1000379,10076.0,2026-07-16 14:18:53,31730.01,deposit,EGP,completed
1000289,10109.0,2026-07-04 03:48:49,22579.77,payment,EUR,completed
1000419,10060.0,2026-07-27 16:33:34,44951.13,transfer,EGP,completed
1000675,10125.0,2026-07-23 05:54:17,39052.88,payment,EGP,completed
1000392,10036.0,2026-07-17 09:58:45,41881.91,payment,EUR,completed
1000593,10048.0,2026-07-12 21:12:03,47467.21,deposit,USD,
1000499,10186.0,2026-07-15 11:37:08,17416.3,deposit,EUR,completed
1000139,10070.0,2026-07-24 01:17:18,2618.39,payment,USD,completed
1000063,10074.0,2026-07-05 11:10:44,12792.59,transfer,EGP,pending
1000472,10161.0,2026-07-22 15:27:11,9435.78,payment,EGP,completed
1000648,10108.0,2026-07-21 13:44:02,39813.22,deposit,EGP,completed
1000129,10115.0,2026-07-18 05:47:34,32651.7,transfer,EGP,completed
1000987,10124.0,2026-07-26 15:32:00,12931.81,payment,EGP,completed
1000521,10072.0,2026-07-27 18:47:33,14601.91,payment,EGP,completed
1000839,10003.0,2026-07-07 21:26:12,38473.67,payment,EGP,completed
1000973,10096.0,2026-07-22 03:18:37,36669.57,payment,EGP,completed
1000065,10083.0,2026-07-24 08:17:22,16058.53,payment,EGP,failed
1000813,10137.0,2026-07-21 21:04:30,37158.17,transfer,EGP,completed
1000015,10144.0,2026-07-17 02:21:10,17168.55,withdrawal,EGP,pending
1000157,10026.0,2026-07-04 17:24:13,2687.71,transfer,EGP,completed
1000041,10034.0,2026-07-22 21:23:11,4631.6,withdrawal,EGP,pending
1000493,10151.0,2026-07-01 21:45:37,32426.78,transfer,EGP,completed
1000380,10053.0,2026-07-17 18:23:50,21479.85,payment,EGP,completed
1000188,10077.0,2026-07-19 13:16:01,49519.9,deposit,EGP,failed
1000764,10188.0,2026-07-19 15:43:13,4545.57,deposit,EGP,completed
1000217,10016.0,2026-07-16 17:17:40,15771.74,withdrawal,EGP,completed
1000792,10091.0,2026-07-28 07:29:26,15417.89,payment,EGP,completed
1000053,10073.0,2026-07-16 13:17:52,13793.87,payment,EGP,completed
1000879,10110.0,2026-07-23 12:41:29,27386.78,transfer,EGP,pending
1000338,10064.0,2026-07-10 04:29:36,29733.92,withdrawal,EGP,completed
1000749,10063.0,2026-07-25 22:54:33,23832.88,payment,USD,completed
1000720,10120.0,2026-07-17 00:39:44,41488.29,deposit,EGP,completed
1000725,10158.0,2026-07-17 13:15:11,24805.47,withdrawal,EGP,completed
1000296,10105.0,2026-07-16 22:53:03,18960.71,payment,EGP,completed
1000702,10124.0,2026-07-06 12:45:38,49210.05,deposit,EUR,completed
1000252,10099.0,2026-07-13 18:12:45,5414.78,withdrawal,EGP,completed
1000727,10145.0,2026-07-30 10:36:52,17446.38,deposit,EGP,completed
1000462,,2026-07-10 16:33:07,27046.81,withdrawal,EUR,completed
1000456,10112.0,2026-07-03 00:45:16,4574.42,deposit,EGP,completed
1000263,10060.0,2026-07-14 18:41:18,16230.64,withdrawal,EGP,completed
1000816,10168.0,2026-07-04 10:21:17,27312.62,withdrawal,EGP,completed
1000863,10025.0,2026-07-27 06:50:35,49514.39,payment,EGP,completed
1000270,10119.0,2026-07-02 12:13:53,24708.92,transfer,EUR,completed
1000202,10182.0,2026-07-15 19:15:51,27567.89,transfer,EGP,completed
1000162,10133.0,2026-07-16 11:07:11,32630.27,withdrawal,EGP,pending
1000556,10101.0,2026-07-06 01:04:52,38169.62,deposit,EGP,completed
1000730,10132.0,2026-07-04 05:50:01,19851.99,transfer,EGP,completed
1000402,10156.0,2026-07-08 11:34:50,3202.7,deposit,EUR,completed
1000703,10034.0,2026-07-22 03:23:22,17634.93,transfer,EUR,completed
1000477,10170.0,2026-07-16 04:56:27,21861.54,payment,EGP,completed
1000822,10134.0,2026-07-24 17:00:49,24616.04,transfer,EGP,completed
1000772,,2026-07-12 16:38:28,38732.14,payment,EGP,completed
1000106,10158.0,2026-07-06 14:36:33,38728.08,withdrawal,EGP,completed
1000566,10048.0,2026-07-15 02:06:58,23073.52,withdrawal,EGP,completed
1000390,10031.0,2026-07-29 04:20:39,2303.48,transfer,EGP,completed
1000002,10155.0,2026-07-23 20:06:32,22940.19,payment,EGP,completed
1000946,10024.0,2026-07-04 16:30:04,46288.05,transfer,EGP,completed
1000993,10040.0,2026-07-09 21:40:41,17019.81,payment,USD,failed
1000562,10009.0,2026-07-08 21:10:19,30695.15,withdrawal,EGP,completed
1000081,10189.0,2026-07-29 12:45:07,12248.04,payment,EGP,completed
1000206,10054.0,2026-07-29 00:04:33,2520.48,payment,EGP,completed
1000035,10178.0,2026-07-03 01:30:22,20994.08,withdrawal,EUR,completed
1000776,10191.0,2026-07-05 01:32:41,26130.15,deposit,USD,completed
1000509,10054.0,2026-07-27 18:16:29,10813.98,withdrawal,EGP,completed
1000428,10161.0,2026-07-28 23:30:00,3917.93,withdrawal,EGP,completed
1000455,,2026-07-18 17:40:24,17427.64,transfer,EGP,completed
1000367,10094.0,2026-07-10 08:32:55,10755.6,deposit,EGP,completed
1000092,10161.0,2026-07-14 21:29:41,32258.72,deposit,USD,completed
1000340,10191.0,2026-07-13 15:30:31,18754.47,transfer,EGP,completed
1000898,10011.0,2026-07-28 02:41:02,13787.8,transfer,EGP,completed
1000565,10178.0,2026-07-18 06:21:35,39583.0,payment,EGP,completed
1000346,10052.0,2026-07-31 22:11:58,30380.21,transfer,EGP,completed
1000777,10085.0,2026-07-11 07:12:03,35651.85,withdrawal,EGP,completed
1000242,10117.0,2026-07-25 02:20:35,16053.84,withdrawal,USD,completed
1000014,10153.0,2026-07-10 17:57:04,47505.55,withdrawal,EGP,failed
1000316,10132.0,2026-07-10 06:24:50,34036.92,withdrawal,EGP,completed
1000601,10124.0,2026-07-10 08:18:58,45668.59,payment,EUR,completed
1000388,10167.0,2026-07-11 02:03:17,15123.16,deposit,EUR,completed
1000274,10192.0,2026-07-21 22:25:38,29258.4,withdrawal,EGP,completed
1000167,10065.0,2026-07-01 16:19:19,41165.07,withdrawal,USD,completed
1000841,10058.0,2026-07-14 04:19:12,1655.85,payment,EGP,completed
1000453,10100.0,,43213.63,withdrawal,EGP,pending
1000647,10093.0,2026-07-11 15:33:54,14507.01,transfer,EGP,completed
1000819,10134.0,2026-07-05 04:44:53,24984.75,transfer,EGP,pending
1000485,10093.0,2026-07-13 20:35:43,31898.57,withdrawal,EGP,completed
1000991,10069.0,2026-07-17 11:05:01,4465.69,transfer,EGP,completed
1000505,10055.0,2026-07-19 12:30:47,40615.54,deposit,EGP,completed
1000832,10049.0,2026-07-30 13:01:52,48111.89,deposit,EGP,pending
1000244,10130.0,,2810.76,deposit,USD,completed
1000567,10046.0,2026-07-31 00:23:11,4103.64,transfer,EGP,completed
1000876,10101.0,2026-07-04 17:46:03,39932.49,transfer,EGP,completed
1000563,10099.0,2026-07-08 16:51:53,44494.48,deposit,EGP,completed
1000963,10169.0,2026-07-05 10:03:35,28613.51,payment,EGP,completed
1000687,10082.0,2026-07-14 06:26:20,25168.6,payment,EGP,completed
1000958,10127.0,2026-07-17 11:43:23,3953.9,withdrawal,EUR,completed
1000190,10061.0,2026-07-01 05:26:31,32694.31,payment,EGP,completed
1000783,10025.0,2026-07-01 17:37:21,13072.15,withdrawal,EGP,completed
1000700,10020.0,2026-07-30 19:23:34,36105.72,deposit,EUR,completed
1000476,10157.0,2026-07-10 08:44:28,25434.24,withdrawal,USD,completed
1000682,10028.0,2026-07-01 09:16:39,41034.27,deposit,EGP,completed
1000511,10199.0,2026-07-11 08:00:51,6601.2,withdrawal,EGP,completed
1000059,10149.0,2026-07-14 03:48:22,27126.85,deposit,EGP,completed
1000475,10127.0,2026-07-31 06:59:36,26001.5,payment,EGP,completed
1000561,10108.0,2026-07-10 00:36:11,49941.54,withdrawal,EGP,failed
1000857,10049.0,2026-07-12 14:59:51,11236.09,payment,EGP,failed
1000748,10063.0,2026-07-12 16:35:44,26604.07,withdrawal,USD,completed
1000253,10038.0,2026-07-03 07:04:43,5810.56,payment,USD,completed
1000022,10075.0,2026-07-03 05:36:43,37493.45,deposit,EGP,pending
1000314,10057.0,2026-07-27 10:53:18,280.71,deposit,EGP,completed
1000460,10022.0,2026-07-16 23:58:09,18946.58,transfer,EUR,completed
1000161,10200.0,2026-07-19 01:41:25,1790.18,withdrawal,USD,completed
1000277,10094.0,2026-07-21 08:49:39,9700.76,deposit,EGP,completed
1000956,10123.0,2026-07-13 09:56:08,48536.97,deposit,USD,
1000192,10127.0,2026-07-09 14:50:54,19676.26,withdrawal,EGP,completed
1000386,10025.0,2026-07-08 06:54:44,2067.94,transfer,EGP,completed
1000806,10157.0,2026-07-02 09:36:31,34145.28,payment,EGP,completed
1000414,10027.0,2026-07-25 13:13:44,47171.95,transfer,EGP,completed
1000492,10174.0,2026-07-16 04:11:22,41119.57,deposit,USD,completed
1000344,10104.0,2026-07-18 19:42:16,28241.41,withdrawal,EGP,completed
1000770,10076.0,2026-07-07 02:22:34,41371.37,deposit,EGP,completed
1000309,10064.0,2026-07-13 20:45:40,2676.17,payment,EGP,pending
1000662,10147.0,2026-07-19 22:24:46,31980.55,transfer,EUR,completed
1000131,10114.0,2026-07-13 14:39:51,49971.12,deposit,EGP,completed
1000664,10041.0,2026-07-18 03:50:03,10586.17,withdrawal,EGP,completed
1000872,10041.0,2026-07-07 09:52:09,22018.46,payment,EGP,completed
1000100,10028.0,2026-07-14 10:43:53,8426.59,withdrawal,EUR,completed
1000373,10083.0,2026-07-14 22:35:03,20279.45,deposit,EGP,completed
1000088,10063.0,2026-07-31 16:47:57,38141.38,payment,EGP,completed
1000459,10169.0,2026-07-09 04:18:03,47287.4,deposit,EGP,completed
1000331,10110.0,2026-07-14 22:41:13,38756.65,deposit,EGP,completed
1000215,10148.0,2026-07-03 07:11:18,13571.3,transfer,USD,pending
1000467,10034.0,2026-07-20 16:51:33,21766.25,payment,EGP,completed
1000122,10134.0,2026-07-03 14:34:54,5636.65,payment,EUR,completed
1000615,10138.0,2026-07-02 20:48:34,41764.53,transfer,EGP,completed
1000021,10101.0,2026-07-02 17:37:29,44629.76,deposit,EGP,completed
1000701,10105.0,2026-07-09 05:26:48,45897.11,payment,USD,completed
1000072,10038.0,2026-07-07 11:32:20,30530.86,payment,EGP,completed
1000107,10157.0,2026-07-08 13:35:56,5829.42,deposit,EGP,completed
1000271,10059.0,2026-07-12 10:31:10,48545.69,payment,EGP,pending
1000861,10194.0,2026-07-23 22:25:12,29143.11,deposit,EGP,completed
1000436,10025.0,2026-07-04 03:48:33,48788.01,payment,EGP,completed
1000103,10161.0,2026-07-29 11:41:05,39885.67,deposit,EGP,completed
